{"cameraMode":{"drawMode":0,"name":"Shaded","section":"Shading Mode"},"sceneLighting":true,"audioPlay":false,"sceneViewState":{"showFog":true,"showMaterialUpdate":true,"showSkybox":true,"showFlares":true,"showImageEffects":true,"showParticleSystems":true},"in2DMode":false,"pivot":{"x":3.6580095291137697,"y":-5.050407409667969,"z":0.000030517578125},"rotation":{"x":0.01477112341672182,"y":0.9720383286476135,"z":-0.2255466729402542,"w":0.06366027891635895},"size":2.4576613903045656,"orthographic":false}